,db,mn,algorithm,homogeneity,commpleteness,vmeasure,adjrand,adjmutual,silhouette
0,low,"{2,2}-mer",AffinityPropagation,0.7568405044723873,0.315839448797233,0.4456876201170049,0.06274227683611892,0.400930904281246,-0.14009255608705268
0,low,"{2,2}-mer",GaussianMixture,0.3881522639168199,0.4585488722575271,0.4204241030960751,0.18131678131560117,0.41703940159339675,0.1808667613521035
0,low,"{2,2}-mer",Spectral,0.6272384238817186,0.3671576886055557,0.46318646467948815,0.16616574344063492,0.4523882849579621,-0.10398930233804343
0,low,"{2,2}-mer",BisectingKMeans,0.554863318074603,0.3316767365957995,0.41517640094473107,0.10680469166338086,0.4044195290023098,-0.11317121691220583
0,low,"{2,2}-mer",MiniBatchKMeans,0.6392117708681333,0.3829813140449388,0.4789822345176371,0.18896966141044613,0.46864872510063865,-0.11706654971879661
0,low,"{2,2}-mer",KMeans,0.6457525699499794,0.40014377762933867,0.49410990554021905,0.17434658236918754,0.48529959460475014,-0.07200029587662483
0,low,"{2,2}-mer",agglomerative.clust,0.6589558151269209,0.4112662736221626,0.5064487182948466,0.23058774675739485,0.4971992172602214,-0.18060926112986933
