,db,mn,algorithm,homogeneity,commpleteness,vmeasure,adjrand,adjmutual,silhouette
0,sharon,"{2,2}-mer",AffinityPropagation,0.541678467444261,0.35482298282406854,0.42877782181527074,0.14996887657943356,0.3677030085253928,-0.128703272878305
0,sharon,"{2,2}-mer",GaussianMixture,0.3436184194699098,0.41857289501016104,0.3774101170765749,0.18154168926791953,0.3624991606923497,0.011716153013447826
0,sharon,"{2,2}-mer",Spectral,0.5477283702462121,0.4202333541994846,0.4755843633188944,0.2762202258812591,0.4460399668348861,-0.07383118408541989
0,sharon,"{2,2}-mer",BisectingKMeans,0.4233883186336619,0.3528606052912751,0.3849204907903378,0.1915105290859449,0.3537456687037793,-0.05612353161235864
0,sharon,"{2,2}-mer",MiniBatchKMeans,0.5762686796573335,0.443016046895537,0.5009322042426585,0.2983833264578886,0.47306857021437543,-0.0944171296738695
0,sharon,"{2,2}-mer",KMeans,0.5927196336928057,0.48131847651546145,0.5312416912925063,0.3547625974024375,0.5075822381032479,-0.07957263179046699
0,sharon,"{2,2}-mer",agglomerative.clust,0.604422025695977,0.4629284274850996,0.5242966582510612,0.3104188060241858,0.4979945948597426,-0.12881698032701666
