,db,mn,algorithm,homogeneity,commpleteness,vmeasure,adjrand,adjmutual,silhouette
0,sharon,"{3,1}-mer",AffinityPropagation,0.4642923541443899,0.32521499298130285,0.38250393804201377,0.14307834930307045,0.3057467512031624,-0.2330070271291391
0,sharon,"{3,1}-mer",GaussianMixture,0.27844425578638765,0.4263784588016764,0.33688651113852813,0.17499753102810806,0.32407209710358464,-0.019776311822438247
0,sharon,"{3,1}-mer",Spectral,0.491555163434478,0.3781218895560944,0.4274408910290392,0.2595375957232312,0.3946253209725389,-0.15554534373945625
0,sharon,"{3,1}-mer",BisectingKMeans,0.38056137219327774,0.33606009196048703,0.3569289956641335,0.23298413238737203,0.3259048190672228,-0.11492658622058516
0,sharon,"{3,1}-mer",MiniBatchKMeans,0.5485661087311713,0.4362527861446538,0.48600508086043454,0.3146186344595768,0.4586710993232482,-0.28839506998031705
0,sharon,"{3,1}-mer",KMeans,0.4302909908052553,0.4495833825899159,0.4397256812872526,0.2723324806094899,0.4182387333634242,-0.09531817974308063
0,sharon,"{3,1}-mer",agglomerative.clust,0.5276674532498635,0.4175761941708559,0.4662107331102413,0.3020978616485281,0.43689539804790806,-0.17871321987702618
