,db,mn,algorithm,homogeneity,commpleteness,vmeasure,adjrand,adjmutual,silhouette
0,low,"{0,4}-mer",AffinityPropagation,0.5377682783128637,0.20943106804012074,0.30146007336562786,0.0019812964677684355,0.1935378411649874,-0.14934750153369492
0,low,"{0,4}-mer",GaussianMixture,0.2748893797622205,0.354156825038641,0.3095287730231162,0.05713677749159175,0.305656131515131,0.19579968146014057
0,low,"{0,4}-mer",Spectral,0.3803381612161503,0.25417086899600716,0.3047108121261223,0.03837336695478351,0.29124251802972023,-0.08686071268632284
0,low,"{0,4}-mer",BisectingKMeans,0.40642730291487766,0.3027119627397843,0.3469851763540987,0.038229260806849456,0.3357934342298776,-0.0016837094443518281
0,low,"{0,4}-mer",MiniBatchKMeans,0.5621569360650436,0.3305378926955104,0.4162994184005627,0.14328713558848394,0.4049328541508334,-0.28771808066674076
0,low,"{0,4}-mer",KMeans,0.4710221021837899,0.32269290733350026,0.3829976496588179,0.07783202798648596,0.37195072232886706,-0.08544944619823794
0,low,"{0,4}-mer",agglomerative.clust,0.4995523242218292,0.3149977855971715,0.38636757646441816,0.09380046215181638,0.3746180081100764,-0.22408386895587468
