,db,mn,algorithm,homogeneity,commpleteness,vmeasure,adjrand,adjmutual,silhouette
0,mockup,"{3,1}-mer",AffinityPropagation,0.7811590715834598,0.563897792715568,0.6549817898668802,0.2340227557061759,0.624181223876297,0.10140529867371925
0,mockup,"{3,1}-mer",GaussianMixture,0.5222954982726162,0.6274803256265682,0.5700766053994335,0.2955608470570935,0.5587860300624389,0.18494298448472135
0,mockup,"{3,1}-mer",Spectral,0.7259906403304092,0.5873458727797238,0.6493501125084722,0.32243616701277933,0.6289810135007986,0.12181041411222873
0,mockup,"{3,1}-mer",BisectingKMeans,0.5535829422768739,0.49811955565090127,0.5243887691931903,0.1990709467940152,0.5014239898229568,0.06089223022698466
0,mockup,"{3,1}-mer",MiniBatchKMeans,0.7065034732892431,0.5718949202521284,0.6321124143395251,0.258426091867693,0.6103222567358502,0.13220118515925616
0,mockup,"{3,1}-mer",KMeans,0.6835798208328704,0.6446381530001238,0.6635381267401287,0.34032390875621277,0.6450943531391581,0.16686504290868984
0,mockup,"{3,1}-mer",agglomerative.clust,0.7431321401651945,0.6254020830695926,0.6792031657881938,0.3470824611508523,0.6608247251370569,0.12384185892997863
