,db,mn,algorithm,homogeneity,commpleteness,vmeasure,adjrand,adjmutual,silhouette
0,med,"{3,1}-mer",AffinityPropagation,0.6076143994881152,0.3622817353763705,0.45391994291632465,0.07927401442862586,0.3493728325330906,-0.16624757037737467
0,med,"{3,1}-mer",GaussianMixture,0.11746116087180429,0.31233885207080647,0.1707197908088589,0.03616052097899624,0.16548038304164497,0.07710966232392852
0,med,"{3,1}-mer",Spectral,0.39565605599846965,0.3327762452214463,0.36150219174464365,0.11691743909896703,0.3287806251658836,-0.1979160266567197
0,med,"{3,1}-mer",BisectingKMeans,0.4663221086002555,0.34016655658487843,0.39337734748084746,0.08129210384067088,0.3519949078281139,-0.2381179360563405
0,med,"{3,1}-mer",MiniBatchKMeans,0.5645427066686035,0.3901005221407812,0.46138368344550534,0.13298587238840903,0.4187059500387212,-0.3006305227149851
0,med,"{3,1}-mer",KMeans,0.5396925807594007,0.4304104885634575,0.478896221864069,0.1594438553254101,0.44998806757194143,-0.21317975041835038
0,med,"{3,1}-mer",agglomerative.clust,0.5069269195911954,0.35925556769211164,0.4205033487743156,0.10286155038188771,0.37366835545317734,-0.2994710679757355
