,db,mn,algorithm,homogeneity,commpleteness,vmeasure,adjrand,adjmutual,silhouette
0,mockup,"{2,2}-mer",AffinityPropagation,0.7902855207780756,0.5379915725095277,0.6401780956751758,0.21354589551099296,0.6056604132288932,0.12877531708990198
0,mockup,"{2,2}-mer",GaussianMixture,0.5427711883618298,0.6666042608658636,0.5983478283245752,0.3614437144210311,0.5873651813330824,0.18566206260803433
0,mockup,"{2,2}-mer",Spectral,0.6895339188929697,0.5540074690722595,0.6143855684135092,0.316746243402517,0.5918233197340466,0.09326412415991621
0,mockup,"{2,2}-mer",BisectingKMeans,0.5822608735950702,0.4754150750265481,0.5234412246321278,0.1852939113792993,0.49714925575834623,0.09406386549821723
0,mockup,"{2,2}-mer",MiniBatchKMeans,0.7041326980666427,0.5828046002378726,0.63774944770315,0.27654972527113647,0.6168284271042664,0.1590948677455264
0,mockup,"{2,2}-mer",KMeans,0.669219303489512,0.560997609814603,0.6103483469286389,0.25014382033941784,0.5886492450351082,0.1678883375073421
0,mockup,"{2,2}-mer",agglomerative.clust,0.7324228346928745,0.6278657328354674,0.6761259497835054,0.3386872479203507,0.6576727469621192,0.19533614319875253
