,db,mn,algorithm,homogeneity,commpleteness,vmeasure,adjrand,adjmutual,silhouette
0,med,"{2,2}-mer",AffinityPropagation,0.6358706345739307,0.36850260766161175,0.46659942165401747,0.07170215115061863,0.370214525699314,-0.1400047580610269
0,med,"{2,2}-mer",GaussianMixture,0.21058075934210757,0.373823704047387,0.26940273180601154,0.06300027549971639,0.25988221186602856,-0.029793485529500025
0,med,"{2,2}-mer",Spectral,0.46403716088186453,0.38529730306237137,0.4210173358048048,0.1627138473107815,0.38846920955918607,-0.12900014625640507
0,med,"{2,2}-mer",BisectingKMeans,0.5030087304552268,0.3519614391164187,0.41414234779172293,0.08619024669829746,0.3714189859075571,-0.1776406975645809
0,med,"{2,2}-mer",MiniBatchKMeans,0.5939267231117418,0.39337246882508453,0.47327987965497625,0.11625843515375771,0.42887859428802283,-0.21501122710696585
0,med,"{2,2}-mer",KMeans,0.5696115705150465,0.41426889674576645,0.47967688096879085,0.13870931454591223,0.4439413950336427,-0.13813413658218157
0,med,"{2,2}-mer",agglomerative.clust,0.5673118377258504,0.39206045698229636,0.4636793027631185,0.1233989577341448,0.42074091579422795,-0.2403247243628738
