,db,mn,algorithm,homogeneity,commpleteness,vmeasure,adjrand,adjmutual,silhouette
0,high,"{2,2}-mer",AffinityPropagation,0.6417814292926489,0.6494663728615315,0.6456010323614346,0.14473673015322772,0.4283134830322931,0.009107376387999177
0,high,"{2,2}-mer",GaussianMixture,0.058076788560489215,0.30603991600465413,0.09762702600584645,-0.0003328584284442375,0.06289627602269145,0.023171340204892664
0,high,"{2,2}-mer",Spectral,0.45586630182549753,0.6518169820081543,0.5365096709353933,0.11585566572420211,0.4142966828614452,-0.3439193065102358
0,high,"{2,2}-mer",BisectingKMeans,0.586058759334482,0.5800416873308997,0.5830346993031787,0.07753034827036068,0.3150960684999419,-0.1565518933688257
0,high,"{2,2}-mer",MiniBatchKMeans,0.6621818558649275,0.6336697772212547,0.6476121469038258,0.13371964087298077,0.39819610517669174,-0.1829418649557106
0,high,"{2,2}-mer",KMeans,0.5952455473856701,0.6400355051939586,0.6168285085241898,0.13352087231637216,0.420581910026267,-0.03012820511924526
0,high,"{2,2}-mer",agglomerative.clust,0.6088768929209618,0.6469375474193063,0.6273304576428415,0.13642559763094955,0.42827227576248716,-0.03477894149647937
