,db,mn,algorithm,homogeneity,commpleteness,vmeasure,adjrand,adjmutual,silhouette
0,mockup,"{0,4}-mer",AffinityPropagation,0.936160376282656,0.31277038786203026,0.46888627039548175,-0.0005002965109692489,0.009242395521059717,0.10491930862716578
0,mockup,"{0,4}-mer",GaussianMixture,0.0868585804528449,0.2828676852910897,0.13290635736105635,-0.03734245532657332,0.11454244008455265,0.7747461286747184
0,mockup,"{0,4}-mer",Spectral,0.11957043059203258,0.2269662191078166,0.1566267150794761,-0.0405148745432583,0.11136987092457933,0.7930015606476251
0,mockup,"{0,4}-mer",BisectingKMeans,0.10477902688106741,0.2446737482875921,0.14672470256699996,-0.020453747549405796,0.11678469117603367,0.7057766665938268
0,mockup,"{0,4}-mer",MiniBatchKMeans,0.11825750852504653,0.2196366594250657,0.1537385760869793,-0.04054415729343363,0.1120409840523658,0.8123729047907953
0,mockup,"{0,4}-mer",KMeans,0.10437818899216782,0.2411785169291376,0.14569983096559072,-0.03395382108072124,0.11151097614470758,0.6281625387756836
0,mockup,"{0,4}-mer",agglomerative.clust,0.11770303537050786,0.22770795301497657,0.1551885617371057,-0.03929554209656796,0.11055911322539509,0.7832094432657352
