,db,mn,algorithm,homogeneity,commpleteness,vmeasure,adjrand,adjmutual,silhouette
0,low,"{3,1}-mer",AffinityPropagation,0.7166157003544688,0.303200028301387,0.4261120799050064,0.0632859964901806,0.37361217290874726,-0.19396384301377054
0,low,"{3,1}-mer",GaussianMixture,0.4019281439480303,0.4681053735407242,0.4324999443754292,0.21514610329593897,0.42946937480981706,0.04142905553225139
0,low,"{3,1}-mer",Spectral,0.5735102429257549,0.32532644065459926,0.41515449784890923,0.11364399392243901,0.4031073266277615,-0.1803200025777429
0,low,"{3,1}-mer",BisectingKMeans,0.5381138477457054,0.34818654045386294,0.42280021877798185,0.12981340725175916,0.4135531921289953,-0.169011941497945
0,low,"{3,1}-mer",MiniBatchKMeans,0.6435698895378639,0.3941768839507605,0.4889061188015366,0.19064131179802354,0.4793245874540125,-0.20523168262316369
0,low,"{3,1}-mer",KMeans,0.6082285383313567,0.42397278558237694,0.49965513837801373,0.2393381413179938,0.49276241646618174,-0.1354054068828185
0,low,"{3,1}-mer",agglomerative.clust,0.6260066826727182,0.3611295093690753,0.458030995110733,0.14733368859587032,0.44714645711526774,-0.28147799307970867
